C460,Normal
C531,Slow
D075,Normal
D087,Normal
D090,L1
D241,Slow
D258,L2
D359,Normal
D435,L2
D482,L1
D489,Slow
E028,Normal
E058,Slow
E061,L2
E157,Slow
E175,Normal
E184,L2
E194,L2
E221,Normal
E234,Normal
E249,Slow
E273,Slow
E281,L2
E301,Normal
E306,Slow
E321,Slow
E336,L1
E346,Normal
E356,Normal
E379,Normal
E385,Normal
E392,Normal
E403,Normal
E413,Slow
E432,Normal
E434,Slow
E435,L2
E447,Slow
E448,L2
E459,L2
E461,L2
E467,Normal
E471,Slow
E472,Normal
E478,Slow
E488,Slow
E490,L2
E494,Normal
E496,Slow_1
G016,Normal
G031,Normal
G057,Normal
G061,Slow
G063,Normal
G065,L2
G071,Slow
G072,Slow
G078,Normal
G095,Slow
G103,Slow
G109,Slow
G110,Slow_1
G112,Slow
G115,Normal
G123,Slow
G125,Normal
G126,Slow
G128,Slow
G129,Normal
G138,Slow
G150,Slow
G166,L1
G170,Slow
G171,Normal
G173,Slow
G180,Slow
G195,Normal
G203,Normal
G204,Normal
G207,Slow
G209,Normal
G210,Normal
G213,Normal
G223,L2
G227,Slow
G229,Normal
G230,Slow
G236,Normal
G250,Slow
G258,Normal
G264,Normal
G265,Slow
G266,Slow_1
G268,Normal
G272,Slow
G277,Slow
G292,Slow
G301,Normal
G304,Normal
G306,Normal
G307,Slow
G312,Slow
G315,L2
G326,Normal
G328,Normal
G333,Slow
G335,Normal
G339,Slow
G352,Slow
G354,L2
G365,Normal
G368,Slow
G371,Normal
G372,Slow
G374,Slow
G380,Slow
G389,Normal
G394,Slow
G400,Normal
G402,Slow
G404,L2
G408,Slow
G427,L2
G446,Normal
G451,Normal
G452,Normal
G455,Normal
G458,Normal
G463,Slow
G465,Slow
G466,Slow
G467,Slow
G471,Slow
G476,Slow
G477,Normal
H002,Slow
H008,Normal
H011,Slow
H012,Normal
H016,L2
H018,Normal
H027,Slow
H028,Normal
H034,Normal
H037,Slow_1
H041,L2
H044,Slow
H046,L2
H047,Slow
H053,Normal
H055,Slow
H057,Normal
H059,Normal
H061,L2
H065,Normal
H066,Normal
H068,Normal
H069,Slow
H070,Normal
H072,Slow
H081,L2
H087,Normal
H089,Normal
H092,Normal
H095,Normal
H097,Normal
H106,Slow
H108,L2
H110,Normal
H111,Slow
H113,Normal
H115,Normal
H116,Normal
H117,L1
H121,Normal
H122,Normal
H123,Slow
H127,L2
H128,L2
H133,Slow
H134,L1
H135,Normal
H137,Normal
H139,Slow
H141,Slow
H142,Normal
H144,Normal
H148,Slow
H151,Normal
H153,Normal
H155,L2
H156,Slow
H159,Normal
H161,Slow
H162,Slow
H164,Slow
H165,Slow
H166,Normal
H168,Normal
H169,Slow
H170,Normal
H173,Slow
H175,Normal
H177,L1
H178,Normal
H180,Slow
H192,L2
H196,Normal
H197,Slow
H200,Slow
H203,Slow
H206,Slow
H207,Slow
H208,Normal
H212,Normal
H213,Slow
H215,Normal
H216,Normal
H219,Slow
H223,Slow
H228,Slow_1
H229,Normal
H230,Slow_1
H233,Slow
H234,Slow
H235,L2
H237,Slow
H241,Normal
H242,Normal
H244,Slow
H246,L2
H247,Normal
H253,Normal
H262,Slow
H264,Normal
H265,Normal
H266,Normal
H273,Normal
H276,Normal
H277,Slow
H278,Normal
H283,Normal
H289,Slow_1
H290,Slow
H291,Slow
H292,Normal
H293,Slow
H294,L2
H295,Slow
H296,Slow
H297,Slow
H298,Slow
H301,Normal
H302,Slow
H303,Normal
H308,Slow
H311,L1
H317,Normal
H319,Normal
H320,Normal
H321,L2
H324,Slow
H325,Normal
H326,Slow
H330,V_Slow
H331,Slow
H332,Slow
H334,Normal
H337,Normal
H338,Slow
H339,Normal
H343,L2
H344,Normal
H347,Normal
H349,Normal
H354,Slow
H356,Slow
H357,Slow
H358,Normal
H364,Normal
H366,Normal
H368,Slow
H369,Normal
H373,Normal
H374,Normal
H376,Normal
H377,Normal
H379,Slow
H381,Normal
H382,Slow
H383,Slow
H384,Slow
H385,L2
H386,Slow
H388,Slow
H389,Slow
H392,L2
H394,Normal
H395,Slow
H396,Normal
H401,Slow
H402,L2
H403,Normal
H404,Slow
H405,L1
H407,Normal
H408,L2
H409,Normal
H410,Normal
H411,L2
H412,Slow
H418,Normal
H419,Slow
H420,Normal
H425,Slow
H426,L2
H429,L2
H430,Normal
H432,Normal
H433,Normal
H434,Normal
H435,L2
H436,Slow
H438,Slow
H439,Slow_1
H440,Normal
H441,Normal
H442,Slow
H447,Slow
H450,Normal
H451,Normal
H453,Normal
H454,Normal
H456,L2
H459,Slow
H460,Normal
H461,Normal
H463,Normal
H464,Normal
H465,Slow
H470,Slow
H471,Slow
H472,Normal
H474,Normal
H475,Normal
H476,Normal
H481,Normal
H483,Normal
H485,Normal
H486,L2
H487,Normal
J003,Slow
J005,Slow
J008,Slow
J015,Slow
J016,Normal
J019,Slow
J026,L1
J027,Normal
J028,Normal
J029,Normal
J037,Slow
J039,Slow
J040,Slow
J042,Normal
J043,Normal
J047,Normal
J053,Slow
J056,Slow
J057,Slow
J058,Normal
J060,L2
J062,L2
J065,Normal
J066,Normal
J071,Slow
J075,L2
J076,Normal
J078,Normal
J079,Slow
J080,Normal
J082,L2
J086,Normal
J087,L2
J089,Normal
J090,Normal
J091,Normal
J093,Normal
J095,Normal
J096,Normal
J098,Slow
J099,Normal
J101,Slow
J105,Normal
J108,Normal
J111,Slow
J112,Normal
J115,Normal
J116,Normal
J118,Slow
J123,Slow
J127,Normal
J129,Slow
J131,Slow
J132,Slow
J133,Slow
J134,Normal
J135,Normal
J136,Slow
J137,Slow
J138,Slow
J139,Normal
J141,Normal
J142,Normal
J143,L2
J144,Slow
J146,L2
J149,Normal
J150,Slow
J152,Slow
J153,Slow
J155,Slow
J157,Normal
J158,Slow
J159,Slow
J161,Normal
J162,Normal
J163,Slow
J169,Slow
J170,Slow
J171,Normal
J174,Normal
J176,Slow
J179,Normal
J180,Normal
J181,Slow
J183,Normal
J184,Normal
J185,Normal
J186,Normal
J187,L1
J188,Normal
J191,Slow
J193,Normal
J194,Normal
J195,Normal
J197,Normal
J200,Normal
J203,Slow
J205,Normal
J207,Normal
J208,Slow
J209,L2
J210,Normal
J211,Normal
J213,Normal
J214,L2
J215,Slow
J216,L2
J217,Slow
J218,L2
J219,Normal
J221,Normal
J222,L2
J223,L2
J224,L2
J225,Slow
J227,Slow_1
J228,Normal
J230,V_Slow
J231,Slow
J232,L2
J233,Normal
J234,Slow
J236,Slow
J237,Slow
J238,Normal
J239,Slow
J243,Slow
J244,Slow
J245,L1
J249,Normal
J250,Normal
J252,Slow
J254,Slow
J255,Normal
J256,Normal
J258,Slow
J259,Normal
J260,Normal
J261,Slow
J263,Normal
J264,Slow
J265,Slow
J266,Normal
J267,Slow
J268,Normal
J269,Slow
J271,Slow
J272,Normal
J273,Slow
J276,Slow
J277,Normal
J278,Normal
J279,Normal
J280,L2
J285,Normal
J288,Slow
J290,Normal
J291,Slow
J294,Slow
J295,Slow
J298,L2
J299,Normal
J300,Normal
J303,Slow
J304,L2
J305,Slow
J308,Normal
J309,Normal
J311,Normal
J312,L2
J314,Slow
J315,Slow
J316,L2
J317,Normal
J319,Slow
J320,Normal
J321,Normal
J322,Slow
J323,Slow
J325,Slow_1
J326,Slow
J328,Slow
J329,Normal
J330,Slow
J331,Slow
J332,Slow
J333,L2
J334,Slow
J337,Slow
J338,Slow
J339,Slow
J340,Normal
J341,V_Slow
J343,Normal
J344,Slow
J345,Normal
J346,Slow
J348,Slow
J351,Normal
J352,Slow
J358,Slow
J359,Normal
J360,Normal
J362,Slow
J363,Normal
J364,Normal
J365,L2
J366,Normal
J368,Slow
J369,Normal
J370,Normal
J371,Normal
J373,Normal
J375,Normal
J376,Slow
J377,Slow
J378,Normal
J379,Normal
J382,Slow
J383,Slow
J384,Slow
J385,Slow
J387,Normal
J388,Slow
J390,Slow
J391,Normal
J392,Slow
J393,Slow
J394,L2
J395,Normal
J396,Normal
J397,Normal
J398,Slow
J400,L2
J401,Slow
J402,Normal
J403,Normal
J405,Normal
J406,Slow
J407,Slow
J409,Slow
J411,Slow
J412,Slow
J413,L2
J418,L2
J420,Slow
J421,Slow
J423,Normal
J425,Slow
J429,Slow
J431,Slow
J432,Slow
J434,Slow
J436,Normal
J437,Slow
J439,L2
J441,Normal
J442,Slow
J443,Normal
J444,L2
J445,Normal
J446,Normal
J447,Normal
J448,Slow
J449,Slow
J451,Slow
J452,Normal
J453,Slow
J456,Normal
J458,Slow
J459,Normal
J463,Slow
J464,Slow
J465,Normal
J467,Slow
J468,L1
J470,Normal
J471,Slow
J475,Normal
J476,Normal
J477,Normal
J478,Normal
J479,Slow
J480,Slow
J481,Slow
J482,Slow
J484,Slow
J486,Normal
J487,Slow
J488,L2
J489,Normal
J490,Slow
J491,Slow
J493,Slow
J494,Slow
J496,Slow
J498,Slow
J499,Normal
J500,Slow
J501,Normal
J502,Slow
J503,Normal
J504,Normal
J505,Slow
J508,Normal
J509,Slow
J510,Normal
J512,Slow
J513,Normal
J514,Normal
J515,L2
J517,Normal
J518,Normal
J519,Slow
J520,Normal
J521,Normal
J522,New_X
J523,Normal
J524,Normal
J529,Normal
J530,Normal
J531,L1
J532,Slow
J533,Normal
J534,Slow
J535,Normal
J536,Normal
J537,Normal
J538,Slow
J540,Normal
J541,Slow
J542,Normal
J545,Slow
J546,Slow
J549,Slow
J550,Normal
J551,Slow
K002,Normal
K003,Slow
K004,Slow
K005,Normal
K006,Slow
K007,Slow
K008,Normal
K009,Slow
K010,Normal
K014,Slow
K015,Slow
K016,L2
K017,Slow
K020,Slow
K024,Slow
K025,Normal
K027,Normal
K028,Normal
K029,Slow
K033,Slow
K035,Slow
K037,L2
K038,Normal
K039,Slow
K040,New
K042,Slow
K043,Normal
K044,Slow
K046,Slow
K047,Normal
K049,Slow
K050,Slow
K052,Normal
K053,Slow
K054,L2
K055,Slow
K057,Slow
K058,Slow
K059,Normal
K062,Slow
K064,Normal
K066,Slow
K067,Normal
K068,Slow
K069,Slow
K070,New_X
K071,Slow
K072,Slow
K073,L2
K079,Normal
K080,Slow
K081,L2
K082,Slow
K084,Slow
K085,Slow
K086,V_Slow
K089,Slow
K090,Slow
K092,V_Slow
K093,Normal
K094,L2
K095,Slow
K097,Normal
K098,Slow
K099,New_X
K101,Slow
K102,Slow
K103,Slow
K104,Slow
K105,Slow
K106,Normal
K107,Normal
K108,Slow
K109,Slow
K110,Normal
K111,Slow
K112,Slow
K113,Normal
K114,Normal
K115,Normal
K116,L2
K117,Slow
K118,Normal
K119,Slow
K121,Slow
K122,Normal
K124,Slow
K125,Normal
K126,Slow
K127,Normal
K129,Normal
K130,Slow
K131,Normal
K132,Slow
K134,Slow
K135,Slow
K136,Normal
K137,Slow
K139,Slow
K140,Normal
K141,L2
K143,Slow
K144,New
K145,Slow
K146,Slow_1
K148,Slow
K149,Slow
K150,Slow
K151,Slow
K153,Normal
K154,Normal
K155,Slow
K156,L2
K157,Slow
K160,Normal
K161,Normal
K162,Slow
K164,Slow
K165,Normal
K166,Slow
K167,Slow
K168,Normal
K169,Normal
K171,Normal
K172,Normal
K173,Normal
K174,Normal
K175,Slow
K176,Normal
K179,Slow
K180,Slow
K181,Slow
K182,Normal
K183,Normal
K184,Slow
K186,Slow
K187,Slow
K188,Slow
K189,Slow
K190,Normal
K192,Slow
K193,Slow
K194,V_Slow
K198,Normal
K199,Normal
K200,Slow
K202,Slow
K203,Slow
K204,Slow
K207,Slow
K208,Normal
K209,Slow
K211,Slow
K212,Normal
K213,Normal
K214,Slow
K216,Slow
K217,New_X
K218,Slow
K220,Slow
K221,Slow
K223,Slow
K224,New_X
K226,Slow
K227,Normal
K228,Normal
K229,Normal
K230,Slow
K231,Slow
K232,Normal
K234,Normal
K236,Normal
K237,Slow
K238,Slow
K239,Normal
K240,New_X
K241,Slow
K243,Slow
K244,Slow
K246,Slow_1
K247,L2
K249,L1
K250,Slow
K251,Normal
K252,Slow
K253,Slow
K254,V_Slow
K255,Slow
K256,V_Slow
K257,Slow
K258,Normal
K259,Slow
K260,Slow
K261,Slow
K262,Slow
K263,Slow
K264,Normal
K265,Slow
K266,Normal
K267,Slow
K268,Normal
K269,New_X
K271,Slow
K272,Slow
K273,Normal
K275,L2
K276,Slow
K277,Slow
K278,Slow
K280,Slow
K282,Normal
K283,Normal
K285,Slow
K286,V_Slow
K287,Slow
K289,Slow
K290,Slow
K291,L2
K292,New_X
K293,Normal
K294,Slow
K296,Slow
K297,Slow
K298,Slow
K299,Slow
K302,Slow
K303,New_X
K304,Slow
K305,Normal
K306,Normal
K307,Slow
K311,Slow
K312,Slow
K313,Slow
K314,Normal
K315,New_1
K317,Normal
K318,New
K319,Slow
K320,L1
K321,Normal
K322,Slow
K323,Slow
K324,Slow
K325,Normal
K332,Slow
K333,New_X
K334,New
K335,Normal
K336,New_X
K339,Slow
K340,Normal
K341,Slow
K342,L2
K343,Slow
K349,Slow
K351,Slow
K352,New_X
K355,New
K357,L2
K358,Normal
K360,Slow
K361,Slow
K362,New_X
K363,Normal
K364,L2
K365,Slow
K366,Slow
K367,Normal
K368,Slow
K369,Normal
K370,Normal
K372,Slow
K374,Slow
K377,Normal
K379,New_X
K381,Normal
K382,Slow
K385,Slow
K386,New_X
K387,Slow
K388,
K389,New
K390,Slow
K391,New_X
K392,New
K395,Slow
K396,Normal
K398,Normal
K399,Slow
K400,Normal
K402,New_X
K405,Normal
K406,Slow
K408,L2
K411,Normal
K412,Slow
K415,New_X
K416,New_X
K420,Slow
K422,Slow
K423,New
K424,L2
K425,Slow
K428,Slow
K429,Slow
K430,Slow
K431,Slow
K433,L1
K434,Slow
K436,Normal
K437,Slow
K442,New_2
K443,New_X
K444,New
K455,Slow
K459,New_X
K464,Slow
K469,New
K472,New
K474,New
K476,New
K477,New_X
K480,Normal
K485,New
K487,New
K489,Slow
K490,New_X
K491,Normal
K492,New_X
K494,Slow
K495,Slow
K503,New_X
K510,New_X
K516,New_X